{
  "urls": [
    "output.ogg",
    "output.m4a",
    "output.mp3",
    "output.ac3"
  ],
  "sprite": {
    "10": [
      34000,
      1787.9365079365073
    ],
    "11": [
      37000,
      1491.8820861677987
    ],
    "12": [
      40000,
      3030.204081632654
    ],
    "14": [
      48000,
      3036.0090702947814
    ],
    "15": [
      53000,
      1625.3968253968267
    ],
    "16": [
      56000,
      952.0181405895727
    ],
    "17": [
      58000,
      2879.2743764172355
    ],
    "18": [
      62000,
      2943.1292517006823
    ],
    "19": [
      66000,
      975.2380952380975
    ],
    "20": [
      68000,
      4086.712018140588
    ],
    "silence": [
      0,
      1000,
      true
    ],
    "01": [
      2000,
      1335.1473922902492
    ],
    "02": [
      5000,
      1671.836734693878
    ],
    "03": [
      8000,
      3465.5782312925166
    ],
    "04": [
      13000,
      1253.877551020409
    ],
    "05": [
      16000,
      1845.9863945578227
    ],
    "06": [
      19000,
      1642.8117913832202
    ],
    "07": [
      22000,
      1219.0476190476184
    ],
    "08": [
      25000,
      4167.981859410432
    ],
    "09": [
      31000,
      1184.2176870748276
    ],
    "13 Merlin": [
      45000,
      1782.1315192743796
    ]
  }
}